$mon,$osd,$driver,$worker,$read,$write,$container,$object,$size,$<throughput-write
1,4,4,32,75,25,16,128,1,39.664
1,4,4,32,75,25,16,128,2,52.2772
1,10,2,8,50,50,16,128,2,64.3566666667
1,4,4,16,75,25,16,128,2,52.0772
1,4,4,16,75,25,16,128,1,41.46
1,6,4,16,50,50,16,128,2,66.37125
1,10,1,4,50,50,16,128,1,42.61
1,4,1,4,25,75,16,128,1,40.0029166667
1,6,4,16,75,25,16,128,1,60.1741666667
1,6,4,16,0,100,16,64,1,62.5370833333
1,6,4,16,75,25,16,128,2,63.705
1,8,1,8,25,75,16,128,2,62.0536
1,8,1,8,25,75,16,128,1,63.40875
1,10,4,16,50,50,64,1024,2,793.7116666667
1,4,4,32,50,50,16,128,2,46.8368
1,6,2,8,50,50,16,128,1,59.7420833333
1,4,4,16,25,75,16,128,1,38.0168
1,4,4,16,25,75,16,128,2,54.5408333333
1,6,2,8,50,50,16,128,2,62.1591666667
1,4,2,8,75,25,16,128,1,38.7683333333
1,4,2,8,75,25,16,128,2,38.5741666667
1,8,1,4,50,50,16,128,2,44.9954166667
1,10,1,8,75,25,16,128,1,32.87875
1,10,1,8,25,75,16,128,2,65.16125
1,10,4,32,0,100,16,64,1,70.1356
1,10,4,32,0,100,16,64,2,81.8333333333
1,10,4,16,25,75,64,1024,2,859.8270833333
1,10,4,16,25,75,64,1024,0,1253.1629166667
1,4,4,16,50,50,16,128,1,40.2533333333
1,10,1,8,0,100,16,64,2,66.2704166667
1,10,1,8,0,100,16,64,1,66.43
1,4,4,16,50,50,16,128,2,50.2116
1,10,2,8,50,50,16,128,1,64.32875
1,10,1,8,75,25,16,128,2,36.0854166667
1,8,2,16,50,50,16,128,2,66.864
1,10,4,16,50,50,16,128,2,76.8470833333
1,10,4,16,50,50,16,128,1,71.4291666667
1,6,2,16,75,25,16,128,2,61.4320833333
1,4,2,16,0,100,16,64,2,46.4416
1,8,2,8,50,50,16,128,2,63.1896
1,8,2,8,50,50,16,128,1,62.3245833333
1,4,4,16,0,100,16,64,1,39.0616666667
1,8,4,16,25,75,16,128,2,72.5708333333
1,4,2,16,25,75,16,128,1,38.5676
1,4,4,32,0,100,16,64,2,51.248
1,4,4,32,0,100,16,64,1,37.5084
1,10,4,16,0,100,64,1024,2,967.49375
1,10,4,32,75,25,16,128,2,73.6045833333
1,10,4,16,0,100,64,1024,0,1282.6154166667
1,8,4,16,50,50,16,128,1,68.48
1,8,4,16,50,50,64,1024,0,1032.3308333333
1,8,4,16,50,50,16,128,2,69.3491666667
1,8,4,32,25,75,16,128,2,75.7912
1,8,4,32,50,50,16,128,2,80.4579166667
1,8,4,32,50,50,16,128,1,71.1479166667
1,8,4,32,25,75,16,128,1,70.0852
1,6,2,8,75,25,16,128,2,51.76
1,6,4,16,25,75,16,128,1,58.0796
1,4,1,4,50,50,16,128,1,38.8589285714
1,10,1,4,50,50,16,128,2,45.1983333333
1,8,1,8,0,100,16,64,1,65.1104166667
1,6,2,16,0,100,16,64,1,61.2416666667
1,10,4,16,75,25,16,128,2,68.0204166667
1,10,4,16,0,100,16,64,1,69.2736
1,8,4,16,50,50,64,1024,2,719.6691666667
1,4,4,32,25,75,16,128,1,38.8732
1,6,2,16,50,50,16,128,1,60.3708333333
1,6,2,16,50,50,16,128,2,65.6716666667
1,10,1,8,50,50,16,128,1,56.4695833333
1,4,2,16,25,75,16,128,2,45.194
1,8,2,16,50,50,16,128,1,69.7091666667
1,6,4,16,25,75,16,128,2,64.0772
1,4,2,8,50,50,16,128,2,45.3345833333
1,4,2,8,50,50,16,128,1,38.564
1,10,4,32,75,25,16,128,1,72.4729166667
1,10,1,4,25,75,16,128,1,50.7745833333
1,10,1,4,25,75,16,128,2,50.7641666667
1,10,1,4,0,100,16,64,2,55.5958333333
1,10,1,4,0,100,16,64,1,55.5366666667
1,4,2,16,50,50,16,128,2,45.8666666667
1,10,2,16,0,100,16,64,1,73.51
1,10,2,16,0,100,16,64,2,81.45375
1,8,2,8,75,25,16,128,1,44.6454166667
1,8,2,8,75,25,16,128,2,53.81375
1,8,2,8,0,100,16,64,2,62.988
1,8,2,8,0,100,16,64,1,67.7770833333
1,8,4,16,75,25,16,128,1,65.805
1,8,1,8,75,25,16,128,2,35.5858333333
1,8,4,16,0,100,16,64,1,73.325
1,8,4,16,0,100,16,64,2,85.7079166667
1,8,2,16,75,25,16,128,1,55.8008333333
1,8,2,16,75,25,16,128,2,60.9783333333
1,8,4,32,0,100,16,64,2,82.6304166667
1,10,2,16,50,50,16,128,1,70.61625
1,10,4,16,50,50,64,1024,0,1105.9095833333
1,10,1,8,50,50,16,128,2,56.445
1,6,2,16,75,25,16,128,1,55.4345833333
1,10,1,8,25,75,16,128,1,65.4445833333
1,10,4,16,25,75,16,128,1,72.0020833333
1,4,2,16,0,100,16,64,1,40.92125
1,10,1,4,75,25,16,128,2,29.3254166667
1,10,1,4,75,25,16,128,1,26.0775
1,6,2,8,0,100,16,64,1,59.8116
1,6,2,8,0,100,16,64,2,59.1264
1,8,4,16,75,25,16,128,2,70.5466666667
1,8,2,16,0,100,16,64,2,74.6491666667
1,10,4,32,25,75,16,128,1,69.272
1,10,4,32,25,75,16,128,2,78.114
1,8,2,16,0,100,16,64,1,70.7845833333
1,8,2,8,25,75,16,128,2,64.882
1,4,2,16,75,25,16,128,1,37.9212
1,4,2,16,75,25,16,128,2,45.28875
1,10,2,8,0,100,16,64,2,67.8275
1,10,4,16,75,25,64,1024,2,617.51125
1,8,4,16,0,100,64,1024,0,1207.0295833333
1,8,4,16,0,100,64,1024,2,878.5179166667
1,6,2,16,0,100,16,64,2,65.5729166667
1,8,4,32,75,25,16,128,1,68.1596
1,10,2,16,75,25,16,128,2,61.4924
1,10,2,16,75,25,16,128,1,58.755
1,6,4,16,0,100,16,64,2,65.2225
1,6,4,32,0,100,16,64,1,56.5179166667
1,6,4,32,0,100,16,64,2,63.1056
1,8,1,8,50,50,16,128,1,56.0595833333
1,4,4,32,50,50,16,128,1,39.3836
1,4,1,4,0,100,16,64,1,40.57875
1,6,2,16,25,75,16,128,1,61.4608333333
1,6,2,16,25,75,16,128,2,60.7348
1,10,4,16,75,25,16,128,1,67.7666666667
1,6,2,8,75,25,16,128,1,44.4533333333
1,6,4,32,75,25,16,128,2,64.766
1,10,2,16,50,50,16,128,2,70.8295833333
1,10,2,16,25,75,16,128,1,68.1079166667
1,10,2,16,25,75,16,128,2,75.0395833333
1,8,4,32,0,100,16,64,1,70.2468
1,10,2,8,25,75,16,128,1,65.5258333333
1,10,2,8,25,75,16,128,2,65.0792
1,8,4,16,75,25,64,1024,2,591.14
1,6,4,32,25,75,16,128,1,56.3676
1,8,4,16,75,25,64,1024,0,724.1383333333
1,8,4,16,25,75,64,1024,0,1153.60875
1,10,2,8,75,25,16,128,2,53.7870833333
1,10,2,8,75,25,16,128,1,46.2133333333
1,8,4,16,25,75,64,1024,2,761.66375
1,8,2,16,25,75,16,128,2,63.2795833333
1,8,2,16,25,75,16,128,1,69.87375
1,8,4,16,25,75,16,128,1,73.165
1,4,4,16,0,100,16,64,2,52.522
1,10,4,16,0,100,16,64,2,80.725
1,4,2,8,25,75,16,128,2,48.1641666667
1,4,2,8,25,75,16,128,1,42.3704166667
1,6,4,16,50,50,16,128,1,63.49
1,4,2,16,50,50,16,128,1,40.7172
1,8,1,8,0,100,16,64,2,65.9629166667
1,10,4,16,25,75,16,128,2,76.91625
1,8,4,32,75,25,16,128,2,70.0932
1,4,4,32,25,75,16,128,2,50.6016
1,6,2,8,25,75,16,128,1,55.8812
1,6,2,8,25,75,16,128,2,61.6333333333
1,6,4,32,50,50,16,128,1,56.3736
1,6,4,32,50,50,16,128,2,64.5888
1,8,1,4,75,25,16,128,2,30.2308333333
1,4,2,8,0,100,16,64,2,47.7491666667
1,4,2,8,0,100,16,64,1,42.0108333333
1,8,1,8,50,50,16,128,2,55.3120833333
1,10,4,32,50,50,16,128,1,74.6825
1,10,4,32,50,50,16,128,2,82.2125
1,6,4,32,25,75,16,128,2,62.3964
