$mon,$osd,$driver,$worker,$read,$write,$container,$object,$size,$<throughput-write
1,10,1,8,25,75,16,128,1,65.4445833333
1,4,4,16,0,100,16,64,1,39.0616666667
1,8,1,8,50,50,16,128,1,56.0595833333
1,6,4,32,50,50,16,128,1,56.3736
1,8,4,16,0,100,64,1024,2,878.5179166667
1,4,2,8,50,50,16,128,1,38.564
1,10,1,8,75,25,16,128,2,36.0854166667
1,8,2,8,0,100,16,64,1,67.7770833333
1,8,4,32,75,25,16,128,2,70.0932
1,6,2,8,0,100,16,64,1,59.8116
